{
    "train_loss": [
        0.3531734467568723,
        0.22242869584059174,
        0.17401658565821973,
        0.1406701231290671,
        0.1185015033972873,
        0.10049801259301602,
        0.08697463547895577,
        0.07755299272777683,
        0.06897437736307356,
        0.06005935838594186,
        0.055630870557136156,
        0.05122638502031226,
        0.047542204197750175,
        0.04563061808320609,
        0.04450348865621808,
        0.039965229040138765,
        0.038431369660379876,
        0.03637419139479541,
        0.03431861176610586,
        0.033251899999397046,
        0.03286376468498598,
        0.03281039538454603,
        0.03041898635406555,
        0.03039012564536692,
        0.03014041789045388,
        0.02869855446994982,
        0.02795921923508021,
        0.027517655944261192,
        0.02747497812643732,
        0.026618849227353084,
        0.02800145773269998,
        0.02584832861162299,
        0.02525204909933646,
        0.02542946159373969,
        0.026322101066629827,
        0.02422048383371227,
        0.024904920369259675,
        0.02422084063609046,
        0.025130454864649272,
        0.023807200462959536,
        0.024223274809033187,
        0.023200174151729286,
        0.0234052871263967,
        0.022640430134594103,
        0.023028662022393703
    ],
    "val_loss": [
        0.24591906209786732,
        0.18334545602401098,
        0.14269516070683796,
        0.11393665129939715,
        0.09182963053385416,
        0.07834520270427069,
        0.08504481812318167,
        0.057340382486581805,
        0.05383380162219206,
        0.05660627183814843,
        0.046779472902417185,
        0.04866340736548106,
        0.040970648589233556,
        0.03714517223338286,
        0.03924727232505878,
        0.04661400303244591,
        0.04636811723311742,
        0.038653505742549894,
        0.033539567577342194,
        0.03960775935401519,
        0.035602427807947,
        0.038618165459483864,
        0.03761884702990453,
        0.04006803466007113,
        0.03587551691879829,
        0.037010970786213876,
        0.03308324949815869,
        0.03517308453097939,
        0.03362714563806852,
        0.032354567678024374,
        0.039433621404071646,
        0.03875661223505934,
        0.03480158379301429,
        0.036044731655468544,
        0.03151877307643493,
        0.033204452867309255,
        0.04100988732650876,
        0.047377719450742005,
        0.03970599753782153,
        0.036553799013296764,
        0.03700428486491243,
        0.03867013411596418,
        0.03315011695027351,
        0.03380676746368408,
        0.03450222859159112
    ],
    "train_dice": [
        0.43597266166047616,
        0.713402580639178,
        0.7395142836326902,
        0.7804260065609758,
        0.807620836997574,
        0.8221968316557733,
        0.8444415885616433,
        0.8637106613679366,
        0.8616038756614381,
        0.8732476331970909,
        0.8751652482558381,
        0.8663700787858529,
        0.8863154552199624,
        0.8890225061638789,
        0.8964903436601162,
        0.9011735341088338,
        0.8942611839960922,
        0.8986180650916966,
        0.8979679494418881,
        0.9189997817305001,
        0.8970165466720408,
        0.897594567252831,
        0.9137171563777057,
        0.9133755847134374,
        0.922258010642095,
        0.9152695557610555,
        0.9125587105073713,
        0.9040513363074173,
        0.9139224014498971,
        0.9069922626018524,
        0.9171219632029534,
        0.9087320692159913,
        0.9214539742605252,
        0.9112168424508789,
        0.9107254898683591,
        0.9099797242744403,
        0.9096517823636532,
        0.9119053810157559,
        0.9040561479600993,
        0.9122563812543045,
        0.9085889754647558,
        0.911979292333126,
        0.9083489361811768,
        0.9008736353706229,
        0.9168264911933379
    ],
    "val_dice": [
        0.9545379877090454,
        0.9684232020378113,
        0.9715502079327901,
        0.9769435524940491,
        0.9783281262715657,
        0.9801393858591716,
        0.9802790506680806,
        0.9824548133214315,
        0.9814109086990357,
        0.9825107089678446,
        0.9833132505416871,
        0.9825380659103393,
        0.984425786336263,
        0.9846896998087565,
        0.9829754495620727,
        0.981993625164032,
        0.981334502696991,
        0.9835216983159383,
        0.9853775374094645,
        0.983457940419515,
        0.9833568358421325,
        0.9823257978757223,
        0.9822471451759338,
        0.983678228855133,
        0.9834819761912028,
        0.9830345066388448,
        0.9843379179636638,
        0.9838144691785177,
        0.9842403268814087,
        0.9849365345637003,
        0.9828575563430786,
        0.9836369776725769,
        0.9852273893356324,
        0.9843159786860148,
        0.9861449885368347,
        0.9858451557159423,
        0.9836232336362203,
        0.9820304028193156,
        0.9835559908548991,
        0.9852924799919128,
        0.9848607190450033,
        0.9843630011876424,
        0.9857975665728251,
        0.9857725834846497,
        0.9853742686907451
    ]
}